<?xml version="1.0" encoding="utf-8"?>
<ProjectInfo>
	<Project Name="Suasion_WwiseProject" GUID="{12761F9C-6638-48A5-B897-4F98EE8A8146}" Generator="2022.1.1.8100"/>
	<CacheRoot>../../../../Suasion_WwiseProject/.cache</CacheRoot>
	<Platforms>
		<Platform Name="Mac" GUID="{5B485B7E-531F-4252-B7A8-B96238643358}" BasePlatform="Mac" BasePlatformGUID="{9C6217D5-DD11-4795-87C1-6CE02853C540}" Path="../../../../Suasion_WwiseProject/GeneratedSoundBanks/Mac"/>
		<Platform Name="Windows" GUID="{DF29B990-227C-4ACE-A524-A8142481BA2E}" BasePlatform="Windows" BasePlatformGUID="{6E0CB257-C6C8-4C5C-8366-2740DFC441EB}" Path="../../../../Suasion_WwiseProject/GeneratedSoundBanks/Windows"/>
	</Platforms>
	<Languages>
		<Language Name="English(US)" Id="684519430" GUID="{A9371806-EE32-4138-B3F0-86AB5B1DB7CC}" Default="true" UseAsStandIn="true"/>
	</Languages>
	<FileHash>{0040DCEA-CD7B-4CB2-742A-BC6C9108A64E}</FileHash>
</ProjectInfo>
