<?xml version="1.0" encoding="utf-8"?>
<SoundBanksInfo Platform="Windows" BasePlatform="Windows" SchemaVersion="16" SoundBankVersion="145">
	<RootPaths>
		<ProjectRoot>../..</ProjectRoot>
		<SourceFilesRoot>../../.cache/Windows</SourceFilesRoot>
		<SoundBanksRoot>.</SoundBanksRoot>
		<ExternalSourcesInputFile></ExternalSourcesInputFile>
		<ExternalSourcesOutputRoot>.</ExternalSourcesOutputRoot>
	</RootPaths>
	<DialogueEvents/>
	<SoundBanks>
		<SoundBank Id="393239870" Type="User" Language="SFX" Hash="{0248E6FF-7485-2DBD-889C-489BB37C6735}">
			<ShortName>SFX</ShortName>
			<Path>SFX.bnk</Path>
			<Media>
				<File Id="12014692" Language="SFX" Streaming="false" Location="Memory">
					<ShortName>click-4.wav</ShortName>
					<CachePath>SFX/click-4_3F75BDB9.wem</CachePath>
				</File>
				<File Id="95421314" Language="SFX" Streaming="false" Location="Memory">
					<ShortName>Footsteps - Wood.wav</ShortName>
					<CachePath>SFX/Footsteps - Wood_9EDFC787.wem</CachePath>
				</File>
				<File Id="248765926" Language="SFX" Streaming="false" Location="Memory">
					<ShortName>Footsteps - Grass.wav</ShortName>
					<CachePath>SFX/Footsteps - Grass_3F75BDB9.wem</CachePath>
				</File>
				<File Id="640376649" Language="SFX" Streaming="false" Location="Memory">
					<ShortName>Footsteps - Mud.wav</ShortName>
					<CachePath>SFX/Footsteps - Mud_9EDFC787.wem</CachePath>
				</File>
				<File Id="665351442" Language="SFX" Streaming="false" Location="Memory">
					<ShortName>Ambient.wav</ShortName>
					<CachePath>SFX/Ambient_18A59087.wem</CachePath>
				</File>
				<File Id="866666796" Language="SFX" Streaming="false" Location="Memory">
					<ShortName>click-10.wav</ShortName>
					<CachePath>SFX/click-10_3F75BDB9.wem</CachePath>
				</File>
				<File Id="917550683" Language="SFX" Streaming="false" Location="Memory">
					<ShortName>click-2.wav</ShortName>
					<CachePath>SFX/click-2_3F75BDB9.wem</CachePath>
				</File>
			</Media>
			<Plugins>
				<ShareSets>
					<Plugin Id="3604890626" Name="High_Pass_60Hz" LibName="Wwise Parametric EQ" LibId="6881283"/>
				</ShareSets>
			</Plugins>
			<Events>
				<Event Id="994769541" Name="Advance" DurationType="OneShot" DurationMin="0.552" DurationMax="0.552">
					<MediaRefs>
						<MediaRef Id="917550683"/>
					</MediaRefs>
				</Event>
				<Event Id="1517537939" Name="Confirm" DurationType="OneShot" DurationMin="0.552" DurationMax="0.552">
					<MediaRefs>
						<MediaRef Id="866666796"/>
					</MediaRefs>
				</Event>
				<Event Id="1562304622" Name="Play_Ambient" DurationType="Infinite">
					<MediaRefs>
						<MediaRef Id="665351442"/>
					</MediaRefs>
					<PluginRefs>
						<ShareSets>
							<PluginRef Id="3604890626"/>
						</ShareSets>
					</PluginRefs>
				</Event>
				<Event Id="1730208058" Name="Player_Footsteps" DurationType="Mixed" DurationMin="18.216063" DurationMax="Infinite">
					<SwitchContainers>
						<SwitchContainer>
							<SwitchValue GroupType="Switch" GroupId="2385628198" Id="2058049674"/>
							<MediaRefs>
								<MediaRef Id="95421314"/>
							</MediaRefs>
						</SwitchContainer>
						<SwitchContainer>
							<SwitchValue GroupType="Switch" GroupId="2385628198" Id="4248645337" Default="true"/>
							<MediaRefs>
								<MediaRef Id="248765926"/>
							</MediaRefs>
						</SwitchContainer>
						<SwitchContainer>
							<SwitchValue GroupType="Switch" GroupId="2385628198" Id="712897245"/>
							<MediaRefs>
								<MediaRef Id="640376649"/>
							</MediaRefs>
						</SwitchContainer>
					</SwitchContainers>
				</Event>
				<Event Id="3859834159" Name="Return" DurationType="OneShot" DurationMin="0.552" DurationMax="0.552">
					<MediaRefs>
						<MediaRef Id="12014692"/>
					</MediaRefs>
				</Event>
			</Events>
			<SwitchGroups>
				<SwitchGroup Id="2385628198" Name="Footsteps">
					<Switches>
						<Switch Id="712897245" Name="Mud"/>
						<Switch Id="2058049674" Name="Wood"/>
						<Switch Id="4248645337" Name="Grass"/>
					</Switches>
				</SwitchGroup>
			</SwitchGroups>
		</SoundBank>
		<SoundBank Id="1355168291" Type="User" Language="SFX" Hash="{3DC5B797-4F88-AE71-BC19-735477CB3CCA}">
			<ShortName>Init</ShortName>
			<Path>Init.bnk</Path>
			<Plugins>
				<AudioDevices>
					<Plugin Id="2317455096" Name="No_Output" LibName="No Output" LibId="11862023"/>
					<Plugin Id="3859886410" Name="System" LibName="System" LibId="11403271"/>
				</AudioDevices>
			</Plugins>
			<Busses>
				<Bus Id="393239870" Name="SFX"/>
				<Bus Id="3803692087" Name="Master Audio Bus"/>
				<Bus Id="3991942870" Name="Music"/>
			</Busses>
			<GameParameters>
				<GameParameter Id="1006694123" Name="Music_Volume"/>
				<GameParameter Id="1564184899" Name="SFX_Volume"/>
				<GameParameter Id="4179668880" Name="Master_Volume"/>
			</GameParameters>
			<SwitchGroups>
				<SwitchGroup Id="2385628198" Name="Footsteps">
					<Switches>
						<Switch Id="712897245" Name="Mud"/>
						<Switch Id="2058049674" Name="Wood"/>
						<Switch Id="4248645337" Name="Grass"/>
					</Switches>
				</SwitchGroup>
			</SwitchGroups>
		</SoundBank>
		<SoundBank Id="3991942870" Type="User" Language="SFX" Hash="{080619E8-445B-7810-A5C9-94768DC84E5C}">
			<ShortName>Music</ShortName>
			<Path>Music.bnk</Path>
			<Media>
				<File Id="96749168" Language="SFX" Streaming="false" Location="Memory">
					<ShortName>Persuasion.wav</ShortName>
					<CachePath>SFX/Persuasion_9EDFC787.wem</CachePath>
				</File>
				<File Id="155587295" Language="SFX" Streaming="false" Location="Memory">
					<ShortName>Exploration.wav</ShortName>
					<CachePath>SFX/Exploration_9EDFC787.wem</CachePath>
				</File>
				<File Id="625330621" Language="SFX" Streaming="false" Location="Memory">
					<ShortName>Introduction.wav</ShortName>
					<CachePath>SFX/Introduction_9EDFC787.wem</CachePath>
				</File>
				<File Id="715936892" Language="SFX" Streaming="false" Location="Memory">
					<ShortName>Title.wav</ShortName>
					<CachePath>SFX/Title_6AEC82DB.wem</CachePath>
				</File>
			</Media>
			<Events>
				<Event Id="1951716408" Name="Enter_Introduction" DurationType="Infinite">
					<MediaRefs>
						<MediaRef Id="625330621"/>
					</MediaRefs>
				</Event>
				<Event Id="3861180278" Name="Enter_Map" DurationType="Infinite">
					<MediaRefs>
						<MediaRef Id="155587295"/>
					</MediaRefs>
				</Event>
				<Event Id="2986574805" Name="Enter_Persuasion" DurationType="Infinite">
					<MediaRefs>
						<MediaRef Id="96749168"/>
					</MediaRefs>
				</Event>
				<Event Id="3301048702" Name="Enter_Title" DurationType="Infinite">
					<MediaRefs>
						<MediaRef Id="715936892"/>
					</MediaRefs>
				</Event>
			</Events>
		</SoundBank>
	</SoundBanks>
	<FileHash>{7DE56EC4-B47E-E994-D4C4-B2FB415DB8C8}</FileHash>
</SoundBanksInfo>
